{
  "IcoMoonType": "selection",
  "icons": [
    {
      "icon": {
        "paths": [
          "M713.143 73.143c90.857 0 164.571 73.714 164.571 164.571v548.571c0 90.857-73.714 164.571-164.571 164.571h-107.429v-340h113.714l17.143-132.571h-130.857v-84.571c0-38.286 10.286-64 65.714-64l69.714-0.571v-118.286c-12-1.714-53.714-5.143-101.714-5.143-101.143 0-170.857 61.714-170.857 174.857v97.714h-114.286v132.571h114.286v340h-304c-90.857 0-164.571-73.714-164.571-164.571v-548.571c0-90.857 73.714-164.571 164.571-164.571h548.571z"
        ],
        "width": 877.7142857142857,
        "attrs": [],
        "isMulticolor": false,
        "isMulticolor2": false,
        "tags": [
          "facebook-square"
        ],
        "defaultCode": 61570,
        "grid": 14
      },
      "attrs": [],
      "properties": {
        "name": "facebook-square",
        "id": 123,
        "order": 395,
        "prevSize": 28,
        "code": 61570
      },
      "setIdx": 0,
      "setId": 1,
      "iconIdx": 123
    },
    {
      "icon": {
        "paths": [
          "M925.714 233.143c-25.143 36.571-56.571 69.143-92.571 95.429 0.571 8 0.571 16 0.571 24 0 244-185.714 525.143-525.143 525.143-104.571 0-201.714-30.286-283.429-82.857 14.857 1.714 29.143 2.286 44.571 2.286 86.286 0 165.714-29.143 229.143-78.857-81.143-1.714-149.143-54.857-172.571-128 11.429 1.714 22.857 2.857 34.857 2.857 16.571 0 33.143-2.286 48.571-6.286-84.571-17.143-148-91.429-148-181.143v-2.286c24.571 13.714 53.143 22.286 83.429 23.429-49.714-33.143-82.286-89.714-82.286-153.714 0-34.286 9.143-65.714 25.143-93.143 90.857 112 227.429 185.143 380.571 193.143-2.857-13.714-4.571-28-4.571-42.286 0-101.714 82.286-184.571 184.571-184.571 53.143 0 101.143 22.286 134.857 58.286 41.714-8 81.714-23.429 117.143-44.571-13.714 42.857-42.857 78.857-81.143 101.714 37.143-4 73.143-14.286 106.286-28.571z"
        ],
        "width": 950.8571428571428,
        "attrs": [],
        "isMulticolor": false,
        "isMulticolor2": false,
        "tags": [
          "twitter"
        ],
        "defaultCode": 61593,
        "grid": 14
      },
      "attrs": [],
      "properties": {
        "name": "twitter",
        "id": 145,
        "order": 394,
        "prevSize": 28,
        "code": 61593
      },
      "setIdx": 0,
      "setId": 1,
      "iconIdx": 145
    },
    {
      "icon": {
        "paths": [
          "M548 6.857v150.857h-89.714c-70.286 0-83.429 33.714-83.429 82.286v108h167.429l-22.286 169.143h-145.143v433.714h-174.857v-433.714h-145.714v-169.143h145.714v-124.571c0-144.571 88.571-223.429 217.714-223.429 61.714 0 114.857 4.571 130.286 6.857z"
        ],
        "width": 602.2582857142856,
        "attrs": [],
        "isMulticolor": false,
        "isMulticolor2": false,
        "tags": [
          "facebook",
          "facebook-f"
        ],
        "defaultCode": 61594,
        "grid": 14
      },
      "attrs": [],
      "properties": {
        "name": "facebook, facebook-f",
        "id": 146,
        "order": 393,
        "prevSize": 28,
        "code": 61594
      },
      "setIdx": 0,
      "setId": 1,
      "iconIdx": 146
    },
    {
      "icon": {
        "paths": [
          "M877.714 512c0 242.286-196.571 438.857-438.857 438.857-43.429 0-84.571-6.286-124.571-18.286 16.571-26.286 35.429-60 44.571-93.714 0 0 5.143-19.429 30.857-120.571 14.857 29.143 59.429 54.857 106.857 54.857 141.143 0 237.143-128.571 237.143-301.143 0-129.714-110.286-251.429-278.286-251.429-208 0-313.143 149.714-313.143 274.286 0 75.429 28.571 142.857 89.714 168 9.714 4 18.857 0 21.714-11.429 2.286-7.429 6.857-26.857 9.143-34.857 2.857-11.429 1.714-14.857-6.286-24.571-17.714-21.143-29.143-48-29.143-86.286 0-110.857 82.857-210.286 216-210.286 117.714 0 182.857 72 182.857 168.571 0 126.286-56 233.143-139.429 233.143-45.714 0-80-37.714-69.143-84.571 13.143-55.429 38.857-115.429 38.857-155.429 0-36-19.429-66.286-59.429-66.286-46.857 0-84.571 48.571-84.571 113.714 0 0 0 41.714 14.286 69.714-48 203.429-56.571 238.857-56.571 238.857-8 33.143-8.571 70.286-7.429 101.143-154.857-68-262.857-222.286-262.857-402.286 0-242.286 196.571-438.857 438.857-438.857s438.857 196.571 438.857 438.857z"
        ],
        "width": 877.7142857142857,
        "attrs": [],
        "isMulticolor": false,
        "isMulticolor2": false,
        "tags": [
          "pinterest"
        ],
        "defaultCode": 61650,
        "grid": 14
      },
      "attrs": [],
      "properties": {
        "name": "pinterest",
        "id": 186,
        "order": 397,
        "prevSize": 28,
        "code": 61650
      },
      "setIdx": 0,
      "setId": 1,
      "iconIdx": 186
    },
    {
      "icon": {
        "paths": [
          "M713.143 73.143c90.857 0 164.571 73.714 164.571 164.571v548.571c0 90.857-73.714 164.571-164.571 164.571h-414.286c18.857-26.857 49.714-73.143 61.714-120 0 0 5.143-19.429 30.286-119.429 15.429 29.143 59.429 54.286 106.286 54.286 139.429 0 234.286-127.429 234.286-297.714 0-128.571-109.143-248.571-274.857-248.571-206.286 0-310.286 148-310.286 271.429 0 74.286 28.571 140.571 89.143 165.714 9.714 4 18.857 0 21.714-10.857 1.714-7.429 6.286-26.857 8.571-34.857 2.857-10.857 1.714-14.857-6.286-24-17.143-21.143-28.571-47.429-28.571-85.714 0-109.714 82.286-207.429 213.714-207.429 116.571 0 180.571 70.857 180.571 166.286 0 125.143-55.429 230.857-137.714 230.857-45.143 0-79.429-37.714-68.571-84 13.143-54.857 38.286-114.286 38.286-153.714 0-35.429-18.857-65.143-58.286-65.143-46.286 0-83.429 48-83.429 112 0 0 0 41.143 13.714 69.143-47.429 201.143-56 236.571-56 236.571-12.571 52.571-7.429 113.714-4 145.143h-104.571c-90.857 0-164.571-73.714-164.571-164.571v-548.571c0-90.857 73.714-164.571 164.571-164.571h548.571z"
        ],
        "width": 877.7142857142857,
        "attrs": [],
        "isMulticolor": false,
        "isMulticolor2": false,
        "tags": [
          "pinterest-square"
        ],
        "defaultCode": 61651,
        "grid": 14
      },
      "attrs": [],
      "properties": {
        "name": "pinterest-square",
        "id": 187,
        "order": 396,
        "prevSize": 28,
        "code": 61651
      },
      "setIdx": 0,
      "setId": 1,